Insertion-Extraction,1000,10,66,78,58,135,92,84,49,70,98,70,89,126,88,89,183,60,75,47,71,84,66,61,54,59,54,96,84,84,66,60,80,68,51,61,51,71,109,90,65,64,80,87,48,57,59,85,56,73,78,83,70,80,91,85,119,88,96,87,91,61,48,84,80,83,96,89,110,73,79,80,93,90,83,66,67,92,47,55,94,68,88,78,55,70,75,73,62,60,83,71,91,58,69,49,79,68,70,63,56,88,79,77,74,60,68,81,78,70,61,64,63,75,61,53,64,69,71,61,73,99,66,93,72,78,77,73,61,62,63,69,66,75,63,68,77,64,81,84,77,68,67,73,75,77,81,57,71,53,68,75,61,52,61,76,60,52,60,56,78,69,50,50,72,74,67,78,56,54,61,56,66,62,66,61,65,59,67,85,61,51,59,75,56,53,49,47,63,53,49,62,62,66,48,40,49,49,55,61,59,62,68,51,60,55,65,65,54,54,60,72,55,58,69,62,75,63,72,65,50,71,36,53,56,61,50,52,52,43,66,67,70,105,71,76,48,61,79,67,76,75,63,70,65,66,59,74,59,81,66,86,61,71,62,81,57,50,49,53,60,49,67,43,31,60,50,32,51,50,55,48,57,52,64,56,58,58,33,49,54,39,55,64,46,67,49,71,46,52,61,48,39,61,50,52,56,58,58,48,49,71,49,46,64,50,36,48,38,49,44,47,61,46,51,60,55,48,48,65,52,48,48,51,43,47,49,49,45,56,37,49,51,55,49,50,42,47,48,55,49,48,43,48,43,38,40,32,41,45,57,44,53,37,25,57,58,37,46,44,55,53,54,54,54,41,46,39,57,45,38,40,42,59,45,50,42,57,56,34,34,51,51,54,59,35,44,44,51,45,42,40,38,47,34,51,36,32,46,43,46,53,49,50,40,46,35,42,47,44,50,46,44,59,40,52,36,38,44,54,30,40,46,38,37,38,46,72,47,48,41,46,49,39,25,32,40,45,45,35,45,42,42,38,49,44,42,50,40,45,34,48,36,42,46,48,43,59,41,49,39,42,45,51,42,52,46,47,31,36,35,38,48,31,41,45,38,50,48,46,30,38,45,42,50,38,51,38,41,30,39,42,42,38,46,36,57,39,48,46,42,43,43,42,34,27,37,44,37,50,48,41,44,44,40,34,39,50,51,52,37,38,43,42,49,37,46,30,44,51,43,37,34,44,41,45,40,46,49,51,41,48,40,44,30,56,41,44,40,46,50,45,48,40,49,38,42,33,36,37,39,43,40,38,29,40,34,50,44,41,29,44,52,41,44,39,30,38,46,36,34,46,45,39,37,40,47,52,41,32,27,49,38,42,45,46,40,42,47,22,34,43,49,35,38,35,43,48,45,29,27,38,45,40,47,47,51,59,40,43,42,44,42,41,39,46,40,29,51,40,37,38,35,42,42,34,48,44,35,52,46,42,35,30,39,37,47,44,42,45,40,50,45,52,58,45,45,57,53,56,47,43,50,61,44,48,54,56,56,50,28,46,47,36,50,55,41,49,40,52,49,44,41,53,45,32,48,46,42,38,43,44,46,42,36,42,42,32,45,40,29,34,46,33,56,26,37,40,39,41,39,47,40,43,46,48,50,54,46,48,40,35,48,51,37,42,44,46,34,38,49,45,47,43,47,44,42,38,45,31,54,52,44,41,31,51,29,39,50,45,55,43,42,58,51,43,40,35,39,41,58,42,41,51,33,49,41,45,47,43,48,39,39,43,43,39,46,44,43,49,49,50,45,49,40,34,55,38,41,42,47,47,41,45,40,45,36,44,55,43,40,38,31,35,48,42,34,30,45,35,32,43,44,41,48,36,42,32,49,42,35,42,50,50,45,41,37,44,47,45,48,42,34,24,45,44,54,55,39,51,43,49,46,42,44,50,47,47,51,35,47,38,43,37,45,44,34,34,50,39,39,37,35,50,40,32,39,32,40,46,45,36,49,38,45,46,42,53,42,53,50,53,33,37,43,41,37,42,29,49,48,50,45,49,39,46,38,41,42,36,37,34,50,49,41,50,34,52,45,41,32,43,53,46,28,51,42,46,43,46,53,33,46,32,41,36,41,53,42,44,33,39,46,23,47,41,40,48,22,54,36,34,38,49,56,43,39,52,55,34,58,34,41,42,48,41,50,44,50,33,39,53,49,38,47,47,51,48,32,48,47,31,39,37,35,47,41,45,48,47,42,37,37,43,46,47,45,43,36,31,40,41,34,36,37,51,46,45,41,44,49,43
Removal,1000,10,0,0,0,10,0,0,0,0,0,0,0,0,0,0,0,0,0,0,0,0,0,0,0,0,0,0,0,0,0,0,0,0,0,0,0,0,0,0,0,0,0,0,0,0,0,0,0,0,0,0,0,0,0,0,0,0,0,0,0,0,0,0,0,0,0,0,0,0,0,0,0,0,0,0,0,0,0,0,0,0,0,0,0,0,0,0,0,0,0,0,0,0,0,0,0,0,0,0,0,0,0,0,0,0,0,0,0,0,0,0,0,0,0,0,0,0,0,0,0,0,0,0,0,0,0,0,0,0,0,0,0,0,0,0,0,0,0,0,0,0,0,0,0,0,0,0,0,0,0,0,0,0,0,0,0,0,0,0,0,0,0,0,0,0,0,0,0,0,0,0,0,0,0,0,0,0,0,0,0,0,0,0,0,0,0,0,0,0,0,0,0,0,0,0,0,0,0,0,0,0,0,0,0,0,0,0,0,0,0,0,0,0,0,0,0,0,0,0,0,0,0,0,0,0,0,0,0,0,0,0,0,0,0,0,0,0,0,0,0,0,0,0,0,0,0,0,0,0,0,0,0,0,0,0,0,0,0,0,0,0,0,0,0,0,0,0,0,0,0,0,0,0,0,0,0,0,0,0,0,0,0,0,0,0,0,0,0,0,0,0,0,0,0,0,0,0,0,0,0,0,0,0,0,0,0,0,0,0,0,0,0,0,0,0,0,0,0,0,0,0,0,0,0,0,0,0,0,0,0,0,0,0,0,0,0,0,0,0,0,0,0,0,0,0,0,0,0,0,0,0,0,0,0,0,0,0,0,0,0,0,0,0,0,0,0,0,0,0,0,0,0,0,0,0,0,0,0,0,0,0,0,0,0,0,0,0,0,0,0,0,0,0,0,0,0,0,0,0,0,0,0,0,0,0,0,0,0,0,0,0,0,0,0,0,0,0,0,0,0,0,0,0,0,0,0,0,0,0,0,0,0,0,0,0,0,0,0,0,0,0,0,0,0,0,0,0,0,0,0,0,0,0,0,0,0,0,0,0,0,0,0,0,0,0,0,0,0,0,0,0,0,0,0,0,0,0,0,0,0,0,0,0,0,0,0,0,0,0,0,0,0,0,0,0,0,0,0,0,0,0,0,0,0,0,0,0,0,0,0,0,0,0,0,0,0,0,0,0,0,0,0,0,0,0,0,0,0,0,0,0,0,0,0,0,0,0,0,0,0,0,0,0,0,0,0,0,0,0,0,0,0,0,0,0,0,0,0,0,0,0,0,0,0,0,0,0,0,0,0,0,0,0,0,0,0,0,0,0,0,0,0,0,0,0,0,0,0,0,0,0,0,0,0,0,0,0,0,0,0,0,0,0,0,0,0,0,0,0,0,0,0,0,0,0,0,0,0,0,0,0,0,0,0,0,0,0,0,0,0,0,0,0,0,0,0,0,0,0,0,0,0,0,0,0,0,0,0,0,0,0,0,0,0,0,0,0,0,0,0,0,0,0,0,0,0,0,0,0,0,0,0,0,0,0,0,0,0,0,0,0,0,0,0,0,0,0,0,0,0,0,0,0,0,0,0,0,0,0,0,0,0,0,0,0,0,0,0,0,0,0,0,0,0,0,0,0,0,0,0,0,0,0,0,0,0,0,0,0,0,0,0,0,0,0,0,0,0,0,0,0,0,0,0,0,0,0,0,0,0,0,0,0,0,0,0,0,0,0,0,0,0,0,0,0,0,0,0,0,0,0,0,0,0,0,0,0,0,0,0,0,0,0,0,0,0,0,0,0,0,0,0,0,0,0,0,0,0,0,0,0,0,0,0,0,0,0,0,0,0,0,0,0,0,0,0,0,0,0,0,0,0,0,0,0,0,0,0,0,0,0,0,0,0,0,0,0,0,0,0,0,0,0,0,0,0,0,0,0,0,0,0,0,0,0,0,0,0,0,0,0,0,0,0,0,0,0,0,0,0,0,0,0,0,0,0,0,0,0,0,0,0,0,0,0,0,0,0,0,0,0,0,0,0,0,0,0,0,0,0,0,0,0,0,0,0,0,0,0,0,0,0,0,0,0,0,0,0,0,0,0,0,0,0,0,0,0,0,0,0,0,0,0,0,0,0,0,0,0,0,0,0,0,0,0,0,0,0,0,0,0,0,0,0,0,0,0,0,0,0,0,0,0,0,0,0,0,0,0,0,0,0,0,0,0,0,0,0,0,0,0,0,0,0,0,0,0,0,0,0,0,0,0,0,0,0,0,0,0,0,0
Insertion-Extraction,2500,25,273,259,274,247,290,287,300,255,275,355,344,292,309,185,306,302,303,266,347,360,342,276,265,360,278,338,266,335,340,338,364,315,318,264,375,417,338,354,316,293,269,329,320,373,371,321,409,393,455,484,361,346,409,427,385,387,438,395,407,330,347,412,403,391,442,437,420,411,500,366,369,369,309,341,321,355,382,242,297,382,401,396,332,316,360,386,389,379,391,368,352,402,396,323,279,312,406,395,390,360,364,458,472,351,336,372,328,310,338,361,408,340,338,355,329,332,354,385,367,404,400,396,375,417,341,440,355,359,374,356,384,403,351,386,359,358,367,355,353,387,363,368,366,341,334,334,336,338,317,291,336,293,347,313,323,279,332,360,356,354,339,350,335,327,320,331,314,300,377,290,345,361,430,350,346,334,331,330,327,310,336,386,379,313,383,367,351,352,298,367,340,334,315,371,331,346,340,350,418,333,319,309,405,313,288,298,379,398,304,368,322,326,333,399,349,300,247,363,263,392,330,350,854,757,1028,932,932,915,911,348,385,348,430,377,381,371,347,317,338,330,338,322,312,361,316,398,386,355,342,319,367,380,386,316,350,340,463,366,298,354,348,327,280,318,370,351,297,312,360,376,366,305,406,404,347,346,321,396,389,316,365,367,342,291,339,300,328,345,389,338,288,352,388,355,390,397,343,280,302,339,333,309,358,354,275,379,353,368,377,321,386,281,340,347,335,316,349,292,305,325,367,345,344,314,335,294,315,406,343,331,338,331,356,341,332,401,356,339,336,346,311,297,310,275,358,352,360,384,347,341,336,370,362,350,372,337,296,346,366,311,328,287,352,354,370,324,310,383,413,322,278,336,336,300,332,320,379,354,352,323,291,372,350,359,326,331,354,340,338,327,368,345,368,355,363,445,400,358,378,334
Removal,2500,25,0,0,0,0,0,0,0,0,0,0,0,0,0,0,0,0,0,0,0,0,0,0,0,0,0,0,0,0,0,0,0,0,0,0,0,0,0,0,0,0,0,0,0,0,0,0,0,0,0,0,0,0,0,0,0,0,0,0,0,0,0,0,0,0,0,0,0,0,0,0,0,0,0,0,0,0,0,0,0,0,0,0,0,0,0,0,0,0,0,0,0,0,0,0,0,0,0,0,0,0,0,0,0,0,0,0,0,0,0,0,0,0,0,0,0,0,0,0,0,0,0,0,0,0,0,0,0,0,0,0,0,0,0,0,0,0,0,0,0,0,0,0,0,0,0,0,0,0,0,0,0,0,0,0,0,0,0,0,0,0,0,0,0,0,0,0,0,0,0,0,0,0,0,0,0,0,0,0,0,0,0,0,0,0,0,0,0,0,0,0,0,0,0,0,0,0,0,0,0,0,0,0,0,0,0,0,0,0,0,0,0,0,0,0,0,0,0,0,0,0,0,0,0,0,0,0,0,0,0,0,0,0,0,0,0,0,0,0,0,0,0,0,0,0,0,0,0,0,0,0,0,0,0,0,0,0,0,0,0,0,0,0,0,0,0,0,0,0,0,0,0,0,0,0,0,0,0,0,0,0,0,0,0,0,0,0,0,0,0,0,0,0,0,0,0,0,0,0,0,0,0,0,0,0,0,0,0,0,0,0,0,0,0,0,0,0,0,0,0,0,0,0,0,0,0,0,0,0,0,0,0,0,0,0,0,0,0,0,0,0,0,0,0,0,0,0,0,0,0,0,0,0,0,0,0,0,0,0,0,0,0,0,0,0,0,0,0,0,0,0,0,0,0,0,0,0,0,0,0,0,0,0,0,0,0,0,0,0,0,0,0,0,0,0,0,0,0,0,0,0
Insertion-Extraction,5000,50,1243,1275,1098,1232,1256,1196,1354,1380,1219,1392,1342,1324,1175,1187,1369,1303,1382,1497,1520,1509,1160,1380,1469,1438,1475,1492,1360,1589,1337,1362,1527,1530,1518,1406,1457,1419,1312,1417,1246,1332,1387,1387,1425,1402,1471,1440,1563,1459,1424,1353,1573,2004,1494,1490,1686,1558,1440,1551,1536,1530,1529,1847,1649,1689,1635,1864,1634,1606,1510,1654,1502,1637,1586,1698,1661,1532,1513,1666,1593,1674,1647,1685,1615,1666,1457,1517,1663,1625,1547,1645,1460,1499,1658,1627,1852,1674,1613,1767,1661,1611,1675,1631,1710,1624,1744,1644,1599,1566,1469,1779,1659,1504,1541,1679,1648,1656,1597,1645,1706,1692,1752,1535,1651,1448,1582,1754,1562,1507,1636,1523,1635,1444,1482,1604,1624,1599,1674,1545,1576,1712,1676,1506,1432,1546,1557,1542,1527,1517,1554,1527,1632,1518,1640,1588,1383,1446,1632,1549,1473,1434,1361,1633,1573,1554,1450,1351,1350,1610,1494,1539,1523,1458,1750,1455,1653,1525,1475,1543,1389,1667,1447,1427,1421,1461,1655,1519,1689,1420,1679,1515,1675,1517,1574,1548,1752,1665,1500,1644,1635,1563
Removal,5000,50,0,0,0,2,0,0,0,0,0,0,0,0,0,0,0,0,0,0,0,0,0,0,0,0,0,0,0,0,0,0,0,0,0,0,0,0,0,0,0,0,0,0,0,0,0,0,0,0,0,0,0,0,0,0,0,0,0,0,0,0,0,0,0,0,0,0,0,0,0,0,0,0,0,0,0,0,0,0,0,0,0,0,0,0,0,0,0,0,0,0,0,0,0,0,0,0,0,0,0,0,0,0,0,0,0,0,0,0,0,0,0,0,0,0,0,0,0,0,0,0,0,0,0,0,0,0,0,0,0,0,0,0,0,0,0,0,0,0,0,0,0,0,0,0,0,0,0,0,0,0,0,0,0,0,0,0,0,0,0,0,0,0,0,1,0,0,0,0,0,0,0,0,0,0,0,0,0,0,0,0,0,0,0,0,0,0,0,0,0,0,0,0,0,0,0,0,0,0,0,0
Insertion-Extraction,7500,75,3143,3113,2752,3009,3166,3142,3071,2786,3131,3418,3336,3149,2961,3537,3118,3382,3611,3322,3490,3226,3452,3436,3552,3367,3585,3507,3610,3580,3828,3532,3928,3258,3538,3835,4006,3867,3588,3579,3546,3970,3690,3801,3712,3543,3399,3788,3568,3665,3760,3570,3795,3960,3891,3345,3956,4087,4156,3904,4213,3972,3732,3928,4001,3861,4004,3869,4251,4377,4015,4464,4166,3669,3501,4163,4078,3780,3599,4040,3473,3885,4138,3831,4240,3837,4012,4138,3879,4433,3801,3787,4006,3900,4123,3884,4071,4036,3843,4143,4227,4087,4312,3819,3746,3530,3992,4147,4177,3878,4087,4037,3842,4151,4083,3597,3847,3898,4325,3950,3827,4068,3867,4035,3946,3769,4200,4140,3890,4017,4217,3995,3707,3804,3616
Removal,7500,75,1,0,0,1,0,1,0,0,1,0,0,0,1,0,0,0,0,0,0,0,0,0,0,0,0,0,1,0,0,0,0,0,1,1,1,0,0,0,0,0,1,0,0,0,1,0,0,0,1,0,0,0,0,0,0,0,0,0,0,1,0,0,0,0,0,0,0,0,0,1,1,1,0,1,1,0,0,0,0,0,0,1,0,0,0,1,0,0,0,1,1,0,0,0,0,1,0,0,0,0,0,0,1,0,1,0,0,0,0,0,0,0,0,0,0,0,0,1,0,0,1,0,0,1,0,0,0,1,0,0,0,0,0
Insertion-Extraction,10000,100,5535,6151,5986,6203,5891,6102,6199,5946,5893,6769,7234,7027,6316,6621,6843,7146,6289,6906,7030,6637,6639,6721,7054,6494,5969,6684,7179,6935,7221,7332,7468,6800,7120,7471,7597,7602,7131,7759,6818,6974,7649,7173,7260,7581,7737,7169,6977,8205,7325,6976,7572,7427,6786,7954,8041,7722,7892,7868,7133,7878,7710,7302,7939,7657,7589,8256,7854,8053,8226,7958,7681,8073,8433,7797,8353,7644,8169,7689,7788,7756,8408,7848,8256,7923,7800,8712,8171,8188,7740,8083,7774,8025,7815,7402,8159,7769,8389,8619,8236,7795
Removal,10000,100,1,1,1,1,1,1,1,1,1,1,1,1,1,1,1,1,1,1,1,1,1,1,1,1,1,1,1,1,1,1,1,1,1,1,1,1,1,1,1,1,1,1,1,1,1,1,1,1,1,1,1,1,1,1,1,1,1,1,1,1,1,1,1,1,1,1,1,1,1,1,1,1,1,1,1,1,1,1,1,1,1,1,1,1,1,1,1,1,1,1,1,1,1,1,1,1,1,1,1,1
Insertion-Extraction,25000,250,68096,73434,68452,69808,76300,76087,73330,69933,72663,68241,78008,75611,79112,77962,75908,79921,86389,77728,78937,78511,84139,84091,78232,82291,82143,80091,83585,83031,87205,89271,89399,88237,87366,82642,84470,83391,85987,83125,82506,92708
Removal,25000,250,3,3,3,3,3,3,3,6,3,3,3,3,3,3,3,3,3,3,3,3,3,3,3,3,3,3,4,3,3,3,3,3,3,3,3,3,3,3,3,3
Insertion-Extraction,50000,500,379158,398008,383098,416773,537785,459010,508321,444732,530256,445922,447365,450298,461603,441520,471219,484557,459580,480509,467352,512836
Removal,50000,500,9,8,8,10,8,9,8,8,9,8,8,9,10,9,7,8,9,7,9,7
Insertion-Extraction,75000,750,1434573,1351613,1290617,1566709,1707651,1627581,1357507,1353963,1353262,1364545,1360790,1477128,1426711
Removal,75000,750,17,17,22,18,19,27,17,16,15,15,17,18,17
Insertion-Extraction,100000,1000,2874761,3471232,3744838,3823882,3487143,2959813,3418466,3464107,3710910,6144351
Removal,100000,1000,24,25,22,24,29,30,24,24,25,25
Insertion-Extraction,1000,10,49,61,45,53,71,65,38,53,78,55,70,101,63,65,97,66,81,52,79,91,70,63,56,63,58,95,88,70,72,59,77,67,51,60,51,72,91,89,69,65,83,71,58,61,62,92,61,77,81,88,74,79,88,84,86,87,90,81,91,61,50,81,80,78,94,100,104,93,94,92,99,94,86,71,72,98,48,59,98,95,94,82,59,73,87,83,68,65,92,78,100,71,71,58,88,76,83,75,73,112,102,98,95,85,88,106,101,98,87,90,85,106,85,75,95,96,98,85,97,93,86,88,95,99,108,97,80,81,82,85,82,92,78,85,97,80,109,106,95,84,85,90,92,96,98,77,101,72,91,88,80,69,78,98,78,66,82,78,105,81,59,64,90,93,84,75,71,68,77,70,84,109,81,75,81,73,83,106,77,66,67,89,71,76,66,201,61,52,47,59,59,63,47,39,47,47,49,51,50,69,62,47,59,52,60,60,50,50,57,68,52,54,63,59,63,58,80,63,46,72,34,49,52,57,47,49,48,41,62,59,58,63,58,62,40,61,70,56,63,63,55,62,56,57,47,53,45,64,52,66,48,55,56,64,54,54,53,57,63,51,72,42,33,64,53,34,54,51,60,52,74,56,69,61,65,63,36,54,58,41,58,63,49,73,54,64,50,61,67,53,41,66,57,57,61,62,60,51,52,70,50,47,66,52,39,64,42,52,47,51,66,48,53,63,58,50,51,68,51,51,50,54,45,58,54,52,47,59,39,51,57,62,54,56,46,53,54,62,53,51,50,56,55,44,48,38,49,56,71,55,67,47,32,71,73,47,57,54,69,67,79,60,67,51,57,50,72,59,52,54,58,79,61,68,56,80,75,49,47,72,72,76,70,49,63,62,72,64,60,56,53,75,50,72,51,45,64,62,61,69,64,66,53,60,40,55,63,58,75,61,57,78,52,72,59,58,65,79,45,58,68,56,55,56,74,65,63,71,60,68,73,57,37,47,60,66,66,51,66,61,67,56,72,65,63,73,59,62,47,67,44,64,64,68,60,62,62,69,53,59,61,68,58,75,63,66,43,49,49,52,66,44,58,65,54,69,66,65,40,52,63,57,70,54,71,53,57,41,55,57,69,52,64,50,80,54,63,65,60,56,58,57,45,36,50,58,49,72,66,54,58,58,52,44,51,65,66,67,47,49,51,55,64,48,59,50,58,67,56,49,45,58,53,58,56,63,68,72,56,66,55,61,54,72,57,61,56,63,68,62,66,55,67,53,58,46,50,51,54,66,55,52,40,55,48,69,55,57,40,54,68,57,61,56,43,55,79,56,49,77,75,158,73,77,93,103,78,61,52,105,69,71,82,86,73,77,86,42,64,82,97,70,88,70,84,95,94,65,59,80,96,86,102,105,106,117,90,105,93,99,96,92,87,118,94,67,118,95,90,84,78,89,91,71,99,100,73,109,95,76,69,59,76,72,90,85,80,91,76,96,82,97,104,86,86,97,98,108,64,74,79,109,73,80,90,93,98,89,50,85,84,64,86,95,72,88,73,94,90,83,78,92,81,58,89,87,79,70,72,74,75,71,61,73,73,63,81,70,51,59,80,58,97,46,66,70,62,72,73,93,78,80,83,86,91,101,83,86,71,61,84,97,66,412,82,85,66,69,83,82,98,80,85,81,78,73,88,61,105,101,85,87,124,73,40,55,67,61,76,58,56,72,68,59,55,48,54,67,80,56,56,70,46,66,53,58,61,55,61,51,51,54,55,44,70,56,55,63,63,36,58,63,52,44,71,49,53,55,204,94,75,82,72,81,65,79,81,73,68,64,54,60,87,71,58,52,79,63,60,78,79,73,87,65,76,60,92,77,65,76,83,90,83,81,71,85,91,86,99,82,67,48,85,85,108,113,82,103,88,102,99,87,90,94,96,95,105,73,96,77,90,83,93,89,70,65,96,74,78,72,68,95,79,69,74,141,57,66,62,51,63,50,59,60,60,69,57,67,73,70,42,48,56,53,48,53,35,60,58,57,56,60,47,57,46,50,57,43,45,42,61,60,50,60,42,63,56,51,39,53,64,56,34,58,52,64,53,57,65,40,57,39,50,44,49,61,48,50,38,45,53,27,54,47,46,60,26,58,42,40,44,57,66,50,45,61,65,39,59,39,48,49,56,47,58,56,58,39,45,57,55,45,54,55,59,55,36,56,55,34,46,43,41,54,48,56,55,55,49,43,43,50,49,57,53,50,43,37,47,47,39,43,46,60,54,59,48,52,57,50
Removal,1000,10,0,0,0,11,0,0,0,0,0,0,0,0,0,0,0,0,0,0,0,0,0,0,0,0,0,0,0,0,0,0,0,0,0,0,0,0,0,0,0,0,0,0,0,0,0,0,0,0,0,0,0,0,0,0,0,0,0,0,0,0,0,0,0,0,0,0,0,0,0,0,0,0,0,0,0,0,0,0,0,0,0,0,0,0,0,0,0,0,0,0,0,0,0,0,0,0,0,0,0,0,0,0,0,0,0,0,0,0,0,0,0,0,0,0,0,0,0,0,0,0,0,0,0,0,0,0,0,0,0,0,0,0,0,0,0,0,0,0,0,0,0,0,0,0,0,0,0,0,0,0,0,0,0,0,0,0,0,0,0,0,0,0,0,0,0,0,0,0,0,0,0,0,0,0,0,0,0,0,0,0,0,0,0,0,0,0,0,0,0,0,0,0,0,0,0,0,0,0,0,0,0,0,0,0,0,0,0,0,0,0,0,0,0,0,0,0,0,0,0,0,0,0,0,0,0,0,0,0,0,0,0,0,0,0,0,0,0,0,0,0,0,0,0,0,0,0,0,0,0,0,0,0,0,0,0,0,0,0,0,0,0,0,0,0,0,0,0,0,0,0,0,0,0,0,0,0,0,0,0,0,0,0,0,0,0,0,0,0,0,0,0,0,0,0,0,0,0,0,0,0,0,0,0,0,0,0,0,0,0,0,0,0,0,0,0,0,0,0,0,0,0,0,0,0,0,0,0,0,0,0,0,0,0,0,0,0,0,0,0,0,0,0,0,0,0,0,0,0,0,0,0,0,0,0,0,0,0,0,0,0,0,0,0,0,0,0,0,0,0,0,0,0,0,0,0,0,0,0,0,0,0,0,0,0,0,0,0,0,0,0,0,0,0,0,0,0,0,0,0,0,0,0,0,0,0,0,0,0,0,0,0,0,0,0,0,0,0,0,0,0,0,0,0,0,0,0,0,0,0,0,0,0,0,0,0,0,0,0,0,0,0,0,0,0,0,0,0,0,0,0,0,0,0,0,0,0,0,0,0,0,0,0,0,0,0,0,0,0,0,0,0,0,0,0,0,0,0,0,0,0,0,0,0,0,0,0,0,0,0,0,0,0,0,0,0,0,0,0,0,0,0,0,0,0,0,0,0,0,0,0,0,0,0,0,0,0,0,0,0,0,0,0,0,0,0,0,0,0,0,0,0,0,0,0,0,0,0,0,0,0,0,0,0,0,0,0,0,0,0,0,0,0,0,0,0,0,0,0,0,0,0,0,0,0,0,0,0,0,0,0,0,0,0,0,0,0,0,0,0,0,0,0,0,0,0,0,0,0,0,0,0,0,0,0,0,0,0,0,0,0,0,0,0,0,0,0,0,0,0,0,0,0,0,0,0,0,0,0,0,0,0,0,0,0,0,0,0,0,0,0,0,0,0,0,0,0,0,0,0,0,0,0,0,0,0,0,0,0,0,0,0,0,0,0,0,0,0,0,0,0,0,0,0,0,0,0,0,0,0,0,0,0,0,0,0,0,0,0,0,0,0,0,0,0,0,0,0,0,0,0,0,0,0,0,0,0,0,0,0,0,0,0,0,0,0,0,0,0,0,0,0,0,0,0,0,0,0,0,0,0,0,0,0,0,0,0,0,0,0,0,0,0,0,0,0,0,0,0,0,0,0,0,0,0,0,0,0,0,0,0,0,0,0,0,0,0,0,0,0,0,0,0,0,0,0,0,0,0,0,0,0,0,0,0,0,0,0,0,0,0,0,0,0,0,0,0,0,0,0,0,0,0,0,0,0,0,0,0,0,0,0,0,0,0,0,0,0,0,0,0,0,0,0,0,0,0,0,0,0,0,0,0,0,0,0,0,0,0,0,0,0,0,0,0,0,0,0,0,0,0,0,0,0,0,0,0,0,0,0,0,0,0,0,0,0,0,0,0,0,0,0,0,0,0,0,0,0,0,0,0,0,0,0,0,0,0,0,0,0,0,0,0,0,0,0,0,0,0,0,0,0,0,0,0,0,0,0,0,0,0,0,0,0,0,0,0,0,0,0,0,0,0,0,0,0,0,0,0,0,0,0,0,0,0,0,0,0,0,0,0,0,0,0,0,0,0,0,0,0,0,0,0,0,0,0,0,0,0,0,0,0,0,0,0,0,0,0,0,0,0,0,0,0,0,0,0,0,0,0,0,0,0,0,0,0,0,0,0,0,0,0,0,0,0,0,0,0,0,0,0,0,0,0,0,0,0,0,0,0,0
Insertion-Extraction,2500,25,276,257,268,246,294,316,300,267,274,349,341,290,296,181,318,306,308,287,376,373,355,305,292,397,289,348,278,345,322,345,366,305,320,270,341,402,327,346,318,293,259,308,281,335,334,304,378,417,347,344,273,289,340,355,339,331,368,341,342,293,305,341,354,339,370,382,354,357,444,368,430,364,322,348,308,352,387,257,367,369,372,359,332,313,359,386,383,381,328,365,349,390,390,314,272,310,397,349,310,351,359,422,435,333,318,370,323,307,337,358,402,336,337,382,339,331,358,392,344,383,367,342,347,351,315,363,327,360,365,377,391,383,356,371,368,367,375,349,367,385,378,389,379,366,338,324,337,329,307,287,336,285,345,320,316,277,331,352,354,356,320,345,336,315,317,357,318,298,386,280,341,333,330,327,344,319,330,337,316,308,323,344,374,314,350,364,348,346,273,330,317,329,309,364,325,342,330,348,416,329,316,310,406,309,284,295,370,368,298,360,314,322,328,394,358,298,245,359,262,388,321,319,341,296,384,331,337,346,402,329,332,285,398,338,353,353,320,303,325,313,333,315,298,350,309,384,383,349,341,314,360,377,383,312,350,328,393,351,292,339,345,327,272,327,377,331,297,303,351,372,353,300,395,385,339,348,312,396,383,301,361,363,329,286,336,290,319,341,377,333,285,338,379,343,380,388,331,277,302,327,325,297,347,348,270,364,344,379,363,314,382,269,331,345,334,350,352,279,300,318,357,342,342,303,328,287,309,403,340,343,336,331,350,337,332,467,368,347,360,383,352,316,334,309,353,348,361,378,346,332,330,369,353,339,368,320,294,346,357,310,324,280,348,355,367,323,314,376,380,317,267,332,335,285,330,317,369,354,353,336,297,373,346,355,323,317,350,344,325,306,343,319,347,322,325,394,369,339,342,339
Removal,2500,25,0,0,0,0,0,0,0,0,0,0,0,0,0,0,0,0,0,0,0,0,0,0,0,0,0,0,0,0,0,0,0,0,0,0,0,0,0,0,0,0,0,0,0,0,0,0,0,0,0,0,0,0,0,0,0,0,0,0,0,0,0,0,0,0,0,0,0,0,0,0,0,0,0,0,0,0,0,0,0,0,0,0,0,0,0,0,0,0,0,0,0,0,0,0,0,0,0,0,0,0,0,0,0,0,0,0,0,0,0,0,0,0,0,0,0,0,0,0,0,0,0,0,0,0,0,0,0,0,0,0,0,0,0,0,0,0,0,0,0,0,0,0,0,0,0,0,0,0,0,0,0,0,0,0,0,0,0,0,0,0,0,0,0,0,0,0,0,0,0,0,0,0,0,0,0,0,0,0,0,0,0,0,0,0,0,0,0,0,0,0,0,0,0,0,0,0,0,0,0,0,0,0,0,0,0,0,0,0,0,0,0,0,0,0,0,0,0,0,0,0,0,0,0,0,0,0,0,0,0,0,0,0,0,0,0,0,0,0,0,0,0,0,0,0,0,0,0,0,0,0,0,0,0,0,0,0,0,0,0,0,0,0,0,0,0,0,0,0,0,0,0,0,0,0,0,0,0,0,0,0,0,0,0,0,0,0,0,0,0,0,0,0,0,0,0,0,0,0,0,0,0,0,0,0,0,0,0,0,0,0,0,0,0,0,0,0,0,0,0,0,0,0,0,0,0,0,0,0,0,0,0,0,0,0,0,0,0,0,0,0,0,0,0,0,0,0,0,0,0,0,0,0,0,0,0,0,0,0,0,0,0,0,0,0,0,0,0,0,0,0,0,0,0,0,0,0,0,0,0,0,0,0,0,0,0,0,0,0,0,0,0,0,0,0,0,0,0,0,0,0
Insertion-Extraction,5000,50,1231,1259,1127,1241,1257,1191,1359,1321,1179,1358,1378,1344,1154,1213,1369,1311,1373,1507,1528,1500,1114,1414,1438,1455,1469,1493,1358,1579,1350,1366,1530,1510,1468,1414,1452,1411,1304,1471,1225,1348,1369,1383,1428,1486,1456,1481,1623,1455,1413,1346,1540,2008,1537,1525,1735,1546,1443,1594,1544,1535,1406,1666,1554,1610,1609,1731,1625,1570,1639,1728,1518,1626,1582,1693,1651,1536,1520,1665,1606,1621,1639,1688,1621,1666,1476,1489,1642,1642,1552,1632,1462,1509,1653,1625,1843,1664,1579,1726,1650,1599,1682,1607,1634,1599,1724,1572,1535,1569,1468,1773,1662,1486,1528,1738,1992,1886,1888,1900,2027,1898,1778,1546,1619,1443,1574,1754,1546,1489,1686,1478,1639,1441,1484,1585,1629,1607,1659,1557,1596,1711,1650,1498,1424,1548,1538,1524,1539,1524,1549,1529,1621,1494,1646,1564,1378,1443,1616,1531,1449,1392,1330,1608,1564,1559,1445,1311,1305,1563,1451,1482,1491,1436,1674,1463,1640,1510,1462,1535,1399,1619,1428,1402,1389,1494,1584,1502,1629,1396,1671,1479,1651,1499,1534,1446,1743,1659,1490,1645,1631,1532
Removal,5000,50,0,0,0,2,0,0,0,0,0,0,0,0,0,0,0,0,0,0,0,0,0,0,0,0,0,0,0,0,0,0,0,0,0,0,0,0,0,0,0,0,0,0,0,0,0,0,0,0,0,0,0,0,0,0,0,0,0,0,0,0,0,0,0,0,0,0,0,0,0,0,0,0,0,0,0,0,0,0,0,0,0,0,0,0,0,1,0,0,0,0,0,0,0,0,0,0,0,0,0,0,0,0,0,0,0,0,0,0,0,0,0,0,0,0,0,0,0,0,0,0,0,1,0,0,0,0,0,0,0,0,0,0,0,0,0,0,0,0,0,0,0,0,0,0,0,0,0,0,0,0,0,0,0,0,0,0,0,0,0,0,0,0,0,0,0,0,0,0,0,0,0,0,0,0,0,0,0,0,0,0,0,0,0,0,0,0,0,0,0,0,0,0,0,0,0,0,0,0,0,0
Insertion-Extraction,7500,75,3224,3230,2825,3020,3230,3293,3196,2829,3306,3527,3450,3246,3107,3625,3168,3481,3700,3355,3565,3290,3448,3503,3774,3428,3695,3606,3712,3676,3827,3595,4004,3334,3607,3866,4040,3957,3651,3654,3598,4046,3766,3884,3720,3641,3503,3873,3625,3662,3859,3708,3859,4002,3968,3411,4029,4168,4215,3731,4034,3901,3793,3959,4001,3962,4086,3981,4366,4488,4098,4451,4257,3726,3583,4210,4098,3840,3614,4155,3556,3987,4235,3886,4302,3922,4140,4256,4041,4588,3882,3842,4102,4002,4253,3990,4148,4050,3920,4265,4316,4267,4421,3837,3796,3624,4120,4219,4288,3986,4181,4212,3991,4269,4223,3687,3887,3973,4465,4128,3923,4170,3965,4080,3924,3869,4326,4225,3976,4017,4332,4093,3771,3930,3711
Removal,7500,75,1,0,0,1,0,1,0,0,0,0,0,0,1,0,0,0,0,0,0,0,1,0,0,0,0,0,0,1,1,1,0,0,0,0,0,1,0,1,0,0,1,0,1,0,0,1,1,1,0,0,0,0,0,0,1,0,0,1,0,0,0,0,1,0,0,0,1,1,0,0,0,0,0,0,0,1,0,1,1,0,0,0,0,1,1,0,0,1,1,1,1,0,0,1,0,1,0,1,0,0,0,1,0,0,0,0,0,0,0,0,1,1,1,0,0,1,0,0,0,0,0,1,0,1,1,1,1,1,1,0,0,0,0
Insertion-Extraction,10000,100,5702,6289,6122,6332,6042,6366,6343,6254,6050,6979,7366,7333,6483,6832,7070,7272,6473,7165,7274,6666,6849,7066,7387,6883,6332,7048,7676,7330,7295,7510,7691,7040,7248,7693,7849,7654,7273,7932,7040,7086,7909,7341,7475,7686,8119,7424,7193,8539,7474,7137,7698,7580,6934,8159,8223,7941,8008,8124,7397,8505,8085,7539,8206,7913,7575,8526,8064,8350,8483,8229,7922,8312,8210,7739,8385,7899,8329,7935,7956,8013,8820,7962,8515,8229,8141,8887,8480,8509,8392,8509,8056,8211,7979,7563,8238,8019,8662,8810,8483,8040
Removal,10000,100,1,1,1,1,1,1,1,1,1,1,1,1,1,1,1,1,1,1,1,1,1,1,1,1,1,1,1,1,1,1,1,1,1,1,1,1,1,1,1,1,1,1,1,1,1,1,1,1,1,1,1,1,1,1,1,1,1,1,1,1,1,1,1,1,1,1,1,1,1,1,1,1,1,1,1,1,1,1,1,1,1,1,1,1,1,1,1,1,1,1,1,1,1,1,1,1,1,1,1,1
Insertion-Extraction,1000,10,61,78,58,73,98,94,51,68,113,73,91,129,81,87,116,89,124,70,101,120,95,86,76,83,77,127,109,95,86,219,103,89,66,80,67,91,111,110,84,88,105,531,64,73,75,122,77,98,101,109,93,98,118,111,114,114,118,107,118,79,63,103,96,101,123,118,132,101,110,112,128,121,113,103,95,199,65,79,132,85,125,112,87,96,108,103,85,82,114,99,137,86,106,77,120,103,106,94,100,156,143,154,134,108,120,146,130,120,102,116,103,126,102,90,105,117,108,94,120,109,100,102,109,113,113,109,91,102,96,103,101,113,95,105,140,97,138,139,131,109,105,110,111,109,111,94,106,82,104,102,96,80,95,118,93,87,96,91,116,99,70,76,113,112,101,99,129,83,93,86,101,96,99,92,98,88,109,127,93,78,82,107,85,85,80,74,100,93,80,100,99,106,78,64,80,80,462,90,84,98,103,78,97,98,120,112,93,98,107,127,97,102,119,110,129,106,122,112,86,122,67,91,96,110,88,91,88,75,114,108,105,115,106,184,75,94,123,105,116,114,98,109,110,102,88,98,85,115,98,122,95,110,111,128,104,103,101,107,121,100,137,88,66,123,103,64,106,101,117,109,146,123,149,134,140,137,80,118,136,93,128,137,107,154,115,137,114,120,137,111,91,137,114,114,117,126,119,102,106,141,100,99,137,113,75,105,84,107,96,104,127,90,102,128,113,95,101,136,102,101,98,109,104,100,103,111,97,119,79,99,105,110,108,103,85,96,100,112,92,90,85,96,91,77,83,67,84,90,454,91,117,77,53,114,118,78,93,87,112,106,116,96,107,83,93,78,113,90,78,82,85,126,91,102,84,113,110,74,70,106,107,119,105,73,93,92,109,154,90,86,82,108,73,107,78,69,95,89,97,119,112,123,92,106,69,97,110,103,114,106,108,154,100,131,94,101,116,140,81,102,131,101,97,100,120,117,114,124,108,126,127,97,63,79,100,110,112,88,118,103,104,92,123,111,104,113,91,103,85,107,72,95,102,108,96,97,92,108,91,95,96,107,90,110,99,97,63,72,74,84,98,66,86,81,76,101,97,101,65,83,96,95,108,84,107,89,89,65,84,88,84,74,97,73,112,77,89,92,83,101,88,85,70,53,82,86,74,101,96,83,88,88,81,71,80,417,99,101,71,75,77,82,95,80,91,64,85,99,83,73,68,89,80,94,86,101,196,52,42,48,41,46,31,52,41,44,41,46,50,45,48,41,49,38,57,33,36,37,39,43,40,39,29,41,35,50,40,41,29,39,49,41,44,39,30,38,46,36,34,53,45,39,36,39,47,52,40,30,27,48,37,37,44,46,40,46,45,21,34,43,50,36,39,46,44,49,46,30,28,40,47,42,49,49,51,58,41,45,43,47,49,46,44,53,46,40,59,47,43,46,43,51,51,42,57,53,42,63,55,44,42,36,48,44,56,63,50,53,48,63,58,66,68,56,55,63,65,64,42,48,52,72,59,59,64,65,69,63,35,56,59,44,61,77,57,70,57,74,70,73,60,67,64,46,69,66,60,56,61,62,69,66,56,68,79,50,71,64,47,57,76,54,90,45,61,68,56,60,54,65,66,60,63,65,68,74,63,65,55,48,66,73,51,59,60,68,55,52,63,61,64,59,64,60,58,52,62,43,75,72,59,57,44,108,39,59,67,61,75,57,55,70,67,57,55,47,53,56,80,65,58,71,45,67,55,63,66,60,67,58,55,58,62,48,63,71,59,67,66,38,61,66,55,46,75,51,56,57,63,60,53,57,59,57,47,57,62,56,51,51,40,45,63,55,45,39,59,45,42,57,58,61,63,48,56,43,64,55,47,55,61,65,59,54,48,57,62,57,67,56,45,31,58,58,70,73,51,66,56,65,60,54,57,59,61,60,76,46,61,48,56,48,59,57,44,44,65,50,51,48,46,65,52,41,58,42,53,56,58,47,64,50,59,60,55,69,55,67,69,74,46,57,61,57,51,58,40,68,66,64,63,68,54,64,52,56,58,49,57,49,70,70,57,69,48,72,64,57,44,59,74,65,39,66,59,73,61,64,75,46,64,44,57,51,57,74,57,61,45,51,60,30,70,53,52,63,29,66,47,45,50,64,74,56,51,69,74,45,70,44,61,56,63,53,65,58,65,43,51,65,63,51,63,62,67,62,41,68,62,44,51,49,52,61,54,60,62,64,54,48,48,56,55,61,64,61,47,42,53,52,44,48,48,66,60,58,53,57,63,55
Removal,1000,10,0,0,0,11,0,0,0,0,0,0,0,0,0,0,0,0,0,0,0,0,0,0,0,0,0,0,0,0,0,0,0,0,0,0,0,0,0,0,0,0,0,0,0,0,0,0,0,0,0,0,0,0,0,0,0,0,0,0,0,0,0,0,0,0,0,0,0,0,0,0,0,0,0,0,0,0,0,0,0,0,0,0,0,0,0,0,0,0,0,0,0,0,0,0,0,0,0,0,0,0,0,0,0,0,0,0,0,0,0,0,0,0,0,0,0,0,0,0,0,0,0,0,0,0,0,0,0,0,0,0,0,0,0,0,0,0,0,0,0,0,0,0,0,0,0,0,0,0,0,0,0,0,0,0,0,0,0,0,0,0,0,0,0,0,0,0,0,0,0,0,0,0,0,0,0,0,0,0,0,0,0,0,0,0,0,0,0,0,0,0,0,0,0,0,0,0,0,0,0,0,0,0,0,0,0,0,0,0,0,0,0,0,0,0,0,0,0,0,0,0,0,0,0,0,0,0,0,0,0,0,0,0,0,0,0,0,0,0,0,0,0,0,0,0,0,0,0,0,0,0,0,0,0,0,0,0,0,0,0,0,0,0,0,0,0,0,0,0,0,0,0,0,0,0,0,0,0,0,0,0,0,0,0,0,0,0,0,0,0,0,0,0,0,0,0,0,0,0,0,0,0,0,0,0,0,0,0,0,0,0,0,0,0,0,0,0,0,0,0,0,0,0,0,0,0,0,0,0,0,0,0,0,0,0,0,0,0,0,0,0,0,0,0,0,0,0,0,0,0,0,0,0,0,0,0,0,0,0,0,0,0,0,0,0,0,0,0,0,0,0,0,0,0,0,0,0,0,0,0,0,0,0,0,0,0,0,0,0,0,0,0,0,0,0,0,0,0,0,0,0,0,0,0,0,0,0,0,0,0,0,0,0,0,0,0,0,0,0,0,0,0,0,0,0,0,0,0,0,0,0,0,0,0,0,0,0,0,0,0,0,0,0,0,0,0,0,0,0,0,0,0,0,0,0,0,0,0,0,0,0,0,0,0,0,0,0,0,0,0,0,0,0,0,0,0,0,0,0,0,0,0,0,0,0,0,0,0,0,0,0,0,0,0,0,0,0,0,0,0,0,0,0,0,0,0,0,0,0,0,0,0,0,0,0,0,0,0,0,0,0,0,0,0,0,0,0,0,0,0,0,0,0,0,0,0,0,0,0,0,0,0,0,0,0,0,0,0,0,0,0,0,0,0,0,0,0,0,0,0,0,0,0,0,0,0,0,0,0,0,0,0,0,0,0,0,0,0,0,0,0,0,0,0,0,0,0,0,0,0,0,0,0,0,0,0,0,0,0,0,0,0,0,0,0,0,0,0,0,0,0,0,0,0,0,0,0,0,0,0,0,0,0,0,0,0,0,0,0,0,0,0,0,0,0,0,0,0,0,0,0,0,0,0,0,0,0,0,0,0,0,0,0,0,0,0,0,0,0,0,0,0,0,0,0,0,0,0,0,0,0,0,0,0,0,0,0,0,0,0,0,0,0,0,0,0,0,0,0,0,0,0,0,0,0,0,0,0,0,0,0,0,0,0,0,0,0,0,0,0,0,0,0,0,0,0,0,0,0,0,0,0,0,0,0,0,0,0,0,0,0,0,0,0,0,0,0,0,0,0,0,0,0,0,0,0,0,0,0,0,0,0,0,0,0,0,0,0,0,0,0,0,0,0,0,0,0,0,0,0,0,0,0,0,0,0,0,0,0,0,0,0,0,0,0,0,0,0,0,0,0,0,0,0,0,0,0,0,0,0,0,0,0,0,0,0,0,0,0,0,0,0,0,0,0,0,0,0,0,0,0,0,0,0,0,0,0,0,0,0,0,0,0,0,0,0,0,0,0,0,0,0,0,0,0,0,0,0,0,0,0,0,0,0,0,0,0,0,0,0,0,0,0,0,0,0,0,0,0,0,0,0,0,0,0,0,0,0,0,0,0,0,0,0,0,0,0,0,0,0,0,0,0,0,0,0,0,0,0,0,0,0,0,0,0,0,0,0,0,0,0,0,0,0,0,0,0,0,0,0,0,0,0,0,0,0,0,0,0,0,0,0,0,0,0,0,3,0,0,0,0,0,0,0,0,0,0,0,0,0,0,0,0,0,0,0,0,0,0,0,0,0,0,0,0,0,0,0,0,0,0,0,0,0,0,0,0,0,0,0,0,0,0,0,0,0,0,0,0,0,0,0,0,0,0,0,0,0,0,0,0
Insertion-Extraction,2500,25,279,264,271,249,301,282,301,261,271,350,343,292,298,180,308,301,294,268,355,360,329,275,263,372,291,331,265,340,319,326,368,293,306,264,337,379,330,335,312,298,267,316,281,342,331,298,382,358,342,343,269,278,347,356,332,335,358,338,346,287,317,348,385,370,386,397,365,375,437,336,371,396,326,380,343,361,417,255,302,371,388,364,310,327,364,392,400,404,343,380,348,398,388,314,277,307,388,358,311,350,367,444,430,334,312,380,324,302,344,359,397,343,330,352,334,325,351,378,337,422,369,333,371,352,313,378,326,353,388,358,374,364,343,349,379,388,394,352,365,411,382,389,385,338,342,326,340,337,308,294,351,285,345,320,320,289,359,358,369,370,334,362,357,382,360,354,308,291,381,279,339,334,327,326,347,321,328,332,318,307,343,346,379,318,352,365,350,348,273,330,319,328,312,366,329,348,332,346,415,328,319,300,399,314,281,295,380,371,305,368,314,322,333,388,344,294,236,358,263,382,317,318,339,296,381,328,337,341,401,327,332,282,398,343,353,354,322,302,325,321,337,318,359,356,314,394,381,349,343,314,360,387,396,316,349,320,389,342,294,339,348,326,274,319,369,330,302,305,354,607,573,311,392,396,341,344,310,390,381,309,360,369,331,286,334,292,318,337,381,332,281,345,376,344,387,385,334,278,302,336,323,297,340,349,268,361,346,354,362,313,376,267,331,337,321,311,339,275,296,312,353,340,337,297,329,283,301,402,341,318,339,323,347,341,327,393,354,321,331,357,310,302,326,272,350,350,357,377,349,332,331,374,352,341,371,322,293,349,368,309,335,282,348,359,359,319,316,400,391,314,268,335,334,285,330,322,368,383,356,326,303,381,346,370,318,313,350,335,325,312,336,316,348,316,322,398,377,345,347,331
Removal,2500,25,0,0,0,0,0,0,0,0,0,0,0,0,0,0,0,0,0,0,0,0,0,0,0,0,0,0,0,0,0,0,0,0,0,0,0,0,0,0,0,0,0,0,0,0,0,0,0,0,0,0,0,0,0,0,0,0,0,0,0,0,0,0,0,0,0,0,0,0,0,0,0,0,0,0,0,0,0,0,0,0,0,0,0,0,0,0,0,0,0,0,0,0,0,0,0,0,0,0,0,0,0,0,0,0,0,0,0,0,0,0,0,0,0,0,0,0,0,0,0,0,0,0,0,0,0,0,0,0,0,0,0,0,0,0,0,0,0,0,0,0,0,0,0,0,0,0,0,0,0,0,0,0,0,0,0,0,0,0,0,0,0,0,0,0,0,0,0,0,0,0,0,0,0,0,0,0,0,0,0,0,0,0,0,0,0,0,0,0,0,0,0,0,0,0,0,0,0,0,0,0,0,0,0,0,0,0,0,0,0,0,0,0,0,0,0,0,0,0,0,0,0,0,0,0,0,0,0,0,0,0,0,0,0,0,0,0,0,0,0,0,0,0,0,0,0,0,0,0,0,0,0,0,0,0,0,0,0,0,0,0,0,0,0,0,0,0,0,0,0,0,0,0,0,0,0,0,0,0,0,0,0,0,0,0,0,0,0,0,0,0,0,0,0,0,0,0,0,0,0,0,0,0,0,0,0,0,0,0,0,0,0,0,0,0,0,0,0,0,0,0,0,0,0,0,0,0,0,0,0,0,0,0,0,0,0,0,0,0,0,0,0,0,0,0,0,0,0,0,0,0,0,0,0,0,0,0,0,0,0,0,0,0,0,0,0,0,0,0,0,0,0,0,0,0,0,0,0,0,0,0,0,0,0,0,0,0,0,0,0,0,0,0,0,0,0,0,0,0,0,0
Insertion-Extraction,5000,50,1311,1256,1109,1245,1246,1188,1391,1454,1213,1412,1416,1371,1182,2230,1598,1452,1447,1714,1769,2025,1362,1651,1686,1676,1821,1827,1610,1830,1562,1588,1772,1759,1844,1646,1727,1650,1535,1627,1430,1590,1604,1596,1661,1506,1588,1576,1734,1656,1544,1402,1655,1882,1524,1492,1659,1529,1432,1548,1505,1535,1409,1645,1548,1589,1603,1688,1610,1506,1495,1584,1482,1608,1559,1660,1629,1555,1505,1655,1557,1610,1617,1676,1620,1646,1441,1504,1619,1624,1541,1624,1722,1501,1686,1632,1836,1660,1562,1718,1628,1595,1692,1622,1636,1592,1732,1597,1674,1783,1631,1943,1845,1617,1614,1771,1731,1756,1694,1707,1721,1717,1769,1581,1756,1485,1568,1751,1546,1495,1625,1462,1616,1422,1507,1565,1625,1605,1673,1545,1578,1700,1635,1492,1459,1642,1578,1543,1524,1617,1531,1498,1631,1513,1657,1594,1366,1439,1623,1545,1469,1388,1315,1603,1569,1598,1460,1301,1293,1577,1462,1505,1472,1404,1681,1432,1658,1524,1462,1538,1406,1620,1431,1391,1389,1460,1612,1509,1669,1394,1667,1471,1638,1539,1547,1430,1694,1652,1476,1654,1638,1521
Removal,5000,50,0,0,0,2,0,0,0,0,0,0,0,0,0,0,0,0,0,0,0,0,0,0,0,0,0,0,0,0,0,0,0,0,0,0,0,0,0,0,0,0,0,0,0,0,0,0,0,0,0,0,0,0,0,0,0,0,0,0,0,0,0,0,0,0,0,0,0,0,0,0,0,0,0,0,0,0,0,0,0,0,0,0,0,0,0,0,0,0,1,0,0,0,0,0,0,0,0,0,0,0,0,0,0,0,0,0,0,0,0,0,0,0,0,0,0,0,0,0,0,0,0,0,0,0,0,0,0,0,0,0,0,0,0,0,0,0,0,0,0,0,0,0,0,0,0,0,0,0,0,0,0,0,0,0,0,0,0,0,0,0,0,0,0,0,0,0,0,0,0,0,0,0,0,0,0,0,0,0,0,0,0,0,0,0,0,0,0,0,0,0,0,0,0,0,0,0,0,0,0,0
Insertion-Extraction,7500,75,3303,3171,2882,3035,3262,3220,3342,2889,3261,5460,3598,3296,3083,3826,3523,3830,4118,3714,3983,3628,3819,3714,3942,3632,3946,3954,3788,3794,3859,3592,4094,3341,3605,3850,4028,3930,3617,3633,3611,4015,3738,3848,3669,3655,3445,3842,3582,3646,3838,3649,3829,4002,3926,3393,4021,4113,4233,3755,3997,3871,3733,4096,3937,3949,4247,4016,4290,4455,4085,4425,4203,3710,3581,4163,4032,3809,3591,4097,3812,3989,4229,3875,4284,3924,4089,4236,3973,4550,3860,3832,4079,4027,4258,3976,4141,4028,3881,4294,4338,4167,4402,3832,3724,3626,4171,4421,4418,3971,4121,4162,3909,4235,4190,3740,3876,3977,4451,4063,3999,4195,3976,4088,3951,3797,4280,4194,4010,4000,4306,4093,3763,3898,3684
Removal,7500,75,1,0,0,1,0,0,1,0,0,0,0,0,0,0,0,0,0,1,0,0,0,1,0,0,0,0,0,0,0,1,0,0,0,0,0,0,0,0,1,1,0,0,1,0,1,0,1,1,1,1,0,0,0,1,0,0,0,1,0,1,0,0,0,0,1,1,0,1,0,0,0,1,1,0,0,0,0,0,0,0,0,0,1,0,0,1,0,0,0,0,0,0,0,0,0,0,0,1,0,0,0,0,0,0,0,0,0,0,0,0,0,1,1,1,0,1,0,1,1,0,0,0,0,0,0,0,0,0,1,0,0,1,0
Insertion-Extraction,10000,100,5978,6349,6289,6560,5986,6421,6357,6197,6056,6926,7331,7415,6278,6698,6843,7290,6462,7107,7348,6458,6739,7168,7397,6767,6189,6920,7468,7144,7148,7349,7608,6936,7093,7555,7773,7582,7124,8074,6940,6957,7770,7285,7397,7599,7783,7355,7102,8255,7387,7008,7557,7435,6734,7925,8043,7906,7947,8010,7209,7975,7830,7350,7999,7813,7410,8311,7904,8249,8250,8031,7745,8297,8207,7546,8147,7708,8133,7760,7797,7803,8544,7714,8297,8020,7958,8618,8314,8241,7947,8249,7819,7959,7764,7646,8054,7843,8494,8674,8278,7815
Removal,10000,100,1,1,1,2,1,1,1,1,0,1,0,0,1,0,1,0,1,1,1,0,0,2,1,1,0,1,0,1,1,0,0,1,1,1,0,1,0,0,0,0,1,1,1,0,0,0,1,1,1,1,1,1,0,1,1,0,0,1,1,1,0,1,0,1,1,1,0,1,0,1,1,1,1,1,1,1,0,1,1,0,2,0,0,0,0,0,0,0,0,0,0,1,1,1,0,1,0,0,0,0
